,book,entry
1,盗墓笔记1,http://www.daomubiji.org/dao-mu-bi-ji-1
2,盗墓笔记2,http://www.daomubiji.org/dao-mu-bi-ji-2
3,盗墓笔记3,http://www.daomubiji.org/dao-mu-bi-ji-3
4,盗墓笔记4,http://www.daomubiji.org/dao-mu-bi-ji-4
5,盗墓笔记5,http://www.daomubiji.org/dao-mu-bi-ji-5
6,盗墓笔记6,http://www.daomubiji.org/dao-mu-bi-ji-6
7,盗墓笔记7,http://www.daomubiji.org/dao-mu-bi-ji-7
8,盗墓笔记8,http://www.daomubiji.org/dao-mu-bi-ji-8
9,盗墓笔记十年,http://www.daomubiji.org/shi-nian-zhi-hou
10,盗墓笔记重启,http://www.daomubiji.org/dao-mu-bi-ji-chong-qi
11,盗墓笔记9,http://www.daomubiji.org/dao-mu-bi-ji-9
12,藏海花1,http://www.daomubiji.org/zang-hai-hua-1
13,藏海花2,http://www.daomubiji.org/zang-hai-hua-2
14,沙海,http://www.daomubiji.org/sha-hai
15,微信短篇,http://www.daomubiji.org/nan-pai-san-shu-wei-xin
16,贺岁篇,http://www.daomubiji.org/he-sui-pian
17,南部档案,http://www.daomubiji.org/nan-bu-dang-an
18,盲塚,http://www.daomubiji.org/mang-zhong
19,钓王,http://www.daomubiji.org/diao-wang
20,幻境,http://www.daomubiji.org/huan-jing
21,老九门,http://www.daomubiji.org/lao-jiu-men
22,吴邪的私家笔记,http://www.daomubiji.org/wu-xie-de-si-jia-bi-ji
23,世界,http://www.daomubiji.org/shi-jie
24,勇者大冒险,http://www.daomubiji.org/yong-zhe-da-mao-xian
25,大漠苍狼,http://www.daomubiji.org/da-mo-cang-lang
26,怒江之战,http://www.daomubiji.org/nu-jiang-zhi-zhan
27,黄河鬼棺,http://www.daomubiji.org/huang-he-gui-guan
28,鬼吹灯,http://www.daomubiji.org/gui-chui-deng
29,作品集,http://www.daomubiji.org/1120.html
30,盗墓笔记全集,http://www.daomubiji.org/dao-mu-bi-ji-quan-ji
31,盗墓笔记大结局,http://www.daomubiji.org/dao-mu-bi-ji-da-jie-ju
32,盗墓笔记后记,http://www.daomubiji.org/1135.html
33,圣雪寻踪,http://www.daomubiji.org/dao-mu-bi-ji-hou-zhuan
34,吴邪的孤岛生涯,http://www.daomubiji.org/wu-xie-de-gu-dao-sheng-ya
35,铁衣寒,http://www.daomubiji.org/tie-yi-han
36,南派三叔,http://www.daomubiji.org/nan-pai-san-shu
37,微博,http://www.daomubiji.org/nan-pai-san-shu-wei-bo
38,藏海戏麟,http://www.daomubiji.org/zang-hai-xi-lin
39,微访谈,http://www.daomubiji.org/wei-fang-tan
40,阅读顺序,http://www.daomubiji.org/1771.html
41,盗墓笔记txt下载,http://www.daomubiji.org/dao-mu-bi-ji-txt-xia-zai
